name,key,Life expectancy at birth (years) 2015,Total fertility rate 2015,Deaths due to ischemic heart disease (cases per 100k population) 2010,Deaths due to cancer (cases per 100k population) 2010,Human resources in science and technology (percent) 2016,Population density (people per km^2) 2015,Unemployment rate (percent) 2016,Regional gross domestic product (PPS per inhabitant) 2015,Mean precipitation (mm) Apr-Sep,Mean precipitation (mm) Oct-Mar,Mean temperature (C) Apr-Sep,Mean temperature (C) Oct-Mar
Région de Bruxelles-Capitale / Brussels Hoofdstedelijk Gewest,BE10,80.9,1.85,101.0,273.4,54.1,7408.0,16.7,59200.0,6.10622215271,6.16205596924,15.0055567424,5.86277770996
Prov. Antwerpen,BE21,82.0,1.73,86.1,266.4,47.9,652.0,6.1,40400.0,6.28787517548,6.35268052419,15.1209726334,5.91986083984
Prov. Limburg (BE),BE22,82.5,1.58,96.2,262.2,46.3,361.9,4.8,28600.0,6.2071665446,6.22586669922,14.889666748,5.49355545044
Prov. Oost-Vlaanderen,BE23,81.5,1.65,95.1,281.6,51.2,503.4,4.2,31500.0,6.16082191467,6.33013331095,14.8863334656,6.08288879395
Prov. Vlaams-Brabant,BE24,82.5,1.66,88.1,256.5,58.3,532.2,4.8,37200.0,6.30542742821,6.52209587717,15.0255833748,5.92791390728
Prov. West-Vlaanderen,BE25,82.0,1.65,96.7,260.9,45.8,378.3,3.7,33200.0,6.17091623942,6.33097203573,14.7963886261,6.20222218831
Prov. Brabant Wallon,BE31,81.7,1.71,86.7,263.6,61.8,363.0,7.9,37400.0,6.3306552887,6.56156679789,15.0136670431,5.84566637675
Prov. Hainaut,BE32,78.6,1.71,116.0,296.8,42.7,354.8,11.8,22100.0,6.59925895267,6.87852785322,14.601574156,5.60092608134
Prov. Liège,BE33,79.4,1.68,101.8,286.1,46.3,286.5,11.1,24700.0,6.75830123538,6.80462691897,14.4173017229,4.88746032261
Prov. Luxembourg (BE),BE34,80.1,1.79,97.3,284.6,46.1,63.5,7.8,21800.0,7.40938194593,8.15730571747,13.853055954,4.11986114581
Prov. Namur,BE35,79.3,1.66,98.2,275.8,47.9,134.2,9.7,23500.0,6.75445355309,6.93152798547,14.2738891178,4.85083331002
Северозападен (Severozapaden),BG31,73.5,1.71,201.3,211.6,30.2,42.5,10.6,8400.0,5.43876474044,4.07312408148,17.2132681304,3.02807192008
Северен централен (Severen tsentralen),BG32,74.1,1.42,188.0,229.4,31.9,57.0,9.3,9500.0,4.78998289353,3.43761955163,18.8072228065,3.97811965453
Североизточен (Severoiztochen),BG33,74.4,1.47,202.5,266.0,32.7,65.5,9.7,11200.0,4.69284516289,3.63224997975,18.2698020027,4.34023813974
Югоизточен (Yugoiztochen),BG34,74.3,1.84,203.7,218.8,29.5,54.8,7.9,11300.0,5.58262205124,4.62875286738,17.0986110687,4.01455557346
Югозападен (Yugozapaden),BG41,75.6,1.34,197.7,249.2,47.8,107.1,5.4,22000.0,5.88054525852,4.43069783847,14.3579167922,1.8216666157
Южен централен (Yuzhen tsentralen),BG42,74.8,1.63,283.7,246.5,28.8,66.0,7.1,9600.0,5.84682585398,4.76401485867,14.9930370331,2.47522227499
Praha,CZ01,80.3,1.47,246.3,309.5,58.5,2604.7,2.2,51400.0,5.60950024923,2.65788888931,14.9561106364,2.61777766546
Střední Čechy,CZ02,78.8,1.64,359.1,337.5,36.6,122.3,3.1,23300.0,6.18239254972,3.90221683399,13.81158074,1.67007213003
Jihozápad,CZ03,78.5,1.58,311.3,328.7,33.2,71.1,3.1,22300.0,6.8292308272,4.39362866418,13.2318715547,1.19415209482
Severozápad,CZ04,76.9,1.56,357.4,363.2,28.9,132.4,5.2,18800.0,7.05528688431,5.08683331807,13.3463426166,1.82412034273
Severovýchod,CZ05,79.1,1.6,348.4,309.8,34.5,123.0,4.0,20700.0,7.05333697001,5.06365191142,13.4288887872,1.41833332909
Jihovýchod,CZ06,79.5,1.59,343.6,296.9,39.5,122.8,3.7,23500.0,6.1756111145,3.71139261458,14.143481191,1.45825925006
Střední Morava,CZ07,78.6,1.55,363.6,289.3,33.6,133.8,3.9,21000.0,7.17717170715,4.0116817301,13.9922725793,1.43742428404
Moravskoslezsko,CZ08,77.5,1.5,425.3,323.2,34.2,228.9,6.9,20900.0,7.89551862081,4.20524685471,13.901234097,1.52746921115
Hovedstaden,DK01,80.6,1.63,,,58.5,695.1,6.6,47100.0,4.21966637505,3.8944445716,13.1201850043,3.25629605187
Sjælland,DK02,80.2,1.82,,,42.3,114.1,6.2,25200.0,4.62541257767,3.95651594798,13.395396278,3.2321427209
Syddanmark,DK03,81.1,1.79,,,41.2,98.6,6.3,33200.0,5.37989896716,5.34394963582,12.8026264075,3.17934339697
Midtjylland,DK04,81.3,1.77,,,45.7,99.0,5.5,32800.0,5.28655552864,5.11626850234,12.6402319802,2.93828703298
Nordjylland,DK05,80.6,1.77,,,40.7,74.1,6.2,30300.0,5.34506469303,5.09551843007,12.6187964545,2.89037047492
Stuttgart,DE11,81.9,1.53,142.0,230.6,48.9,382.6,3.3,46700.0,6.95324542787,5.98786099752,14.5030554665,3.27773151133
Karlsruhe,DE12,81.4,1.46,161.5,240.4,48.6,396.2,3.1,40200.0,6.86480854176,6.14854321656,15.2153081541,4.11000000989
Freiburg,DE13,81.9,1.51,122.0,235.2,45.3,236.0,3.0,34800.0,8.5542122812,7.47589377201,14.3879796808,3.34080811703
Tübingen,DE14,82.0,1.53,132.1,229.3,46.8,202.9,2.6,38700.0,8.28270015717,5.89263893763,14.2351108551,2.93094441096
Oberbayern,DE21,82.1,1.49,135.6,238.7,54.4,259.8,2.4,51400.0,9.8527159161,6.01558028327,13.5824689512,1.85132711243
Niederbayern,DE22,80.4,1.49,161.4,249.5,39.1,116.6,2.0,35200.0,7.51360247685,5.51310262925,13.9449570485,1.81431630636
Oberpfalz,DE23,80.5,1.46,169.9,261.9,40.3,112.2,2.8,37300.0,6.69201001254,5.42936868379,13.6726262642,1.78489899635
Oberfranken,DE24,80.1,1.41,209.4,252.7,41.3,146.3,3.3,33000.0,6.47345542908,5.66057777405,13.9060555776,2.38633328279
Mittelfranken,DE25,80.6,1.48,172.0,250.9,47.7,238.4,2.5,39100.0,6.21159878484,5.37807408086,14.5274070457,2.79660486292
Unterfranken,DE26,81.3,1.47,162.7,239.7,44.3,152.7,2.5,35900.0,6.24165741603,5.82339339786,14.5583797031,3.31087958813
Schwaben,DE27,81.6,1.54,153.6,240.7,42.1,183.5,2.7,35600.0,8.93803865482,5.88011100965,13.8709400862,2.24606831868
Berlin,DE30,80.5,1.46,162.1,263.9,57.3,3918.1,7.7,34400.0,5.04580577215,4.07938893636,14.6827774048,3.16000000636
Brandenburg,DE40,80.3,1.53,223.2,260.0,44.8,83.3,4.6,25600.0,5.21097156611,3.98856231667,14.7010891217,3.20939969923
Bremen,DE50,79.8,1.51,138.9,275.2,45.7,1591.1,5.4,45800.0,6.0028886795,5.78766663869,14.1002775828,4.19611120224
Hamburg,DE60,80.9,1.45,146.5,281.1,56.1,2351.1,4.0,59500.0,6.22980562846,6.05052757263,13.8869444529,3.73749987284
Darmstadt,DE71,81.3,1.51,153.3,249.3,50.5,522.9,4.0,47100.0,6.19963321686,5.92191654841,14.7698332469,3.83327773412
Gießen,DE72,80.6,1.42,181.3,253.8,46.7,192.3,4.0,30300.0,6.92289670308,7.47470646813,13.6465079898,3.09222221375
Kassel,DE73,80.4,1.52,165.2,253.5,43.9,145.7,3.7,33100.0,6.96767781576,7.23893340429,13.5296667735,3.09016658465
Mecklenburg-Vorpommern,DE80,79.9,1.54,219.3,279.4,42.2,69.2,6.3,24000.0,5.38945753434,4.47616012424,14.0919280707,3.27581688002
Braunschweig,DE91,80.2,1.48,198.5,261.7,45.6,196.2,4.6,37700.0,6.51204162174,6.46824071142,13.9981017643,3.39888890584
Hannover,DE92,80.3,1.48,173.8,260.6,45.8,234.3,4.7,33900.0,5.98526859283,5.7759165234,14.137684928,3.86995368534
Lüneburg,DE93,80.7,1.59,184.0,268.3,43.4,109.0,3.3,24400.0,5.95831588904,5.65645132462,14.0864580472,3.7305555741
Weser-Ems,DE94,80.4,1.55,180.1,263.6,38.3,165.6,3.6,31100.0,6.26233326305,6.17787875551,14.195757548,4.40747477792
Düsseldorf,DEA1,80.1,1.51,142.3,289.3,46.8,971.5,4.9,38400.0,6.48841094971,6.40580012004,15.1435001373,5.25500008265
Köln,DEA2,80.8,1.48,140.7,268.4,51.0,596.4,3.9,38000.0,6.81368502864,6.72293825503,14.9125929938,5.06388900898
Münster,DEA3,80.6,1.55,140.8,285.2,43.9,375.5,4.2,30200.0,6.29373226744,6.23608092106,14.6558083043,4.71949499304
Detmold,DEA4,81.1,1.6,135.0,261.5,42.0,313.2,4.0,34000.0,6.15877172682,6.28595055474,14.3245675829,4.1425307945
Arnsberg,DEA5,79.7,1.5,154.5,285.8,42.7,446.5,4.9,31500.0,7.22869138364,7.74141989814,14.335864173,4.35574065314
Koblenz,DEB1,80.6,1.54,171.1,271.7,42.1,183.7,3.4,30300.0,6.41094944694,6.43882826603,14.0496970668,3.76348470919
Trier,DEB2,80.8,1.46,164.0,263.1,43.4,107.1,2.7,27500.0,6.9564360664,7.04256330218,13.5,3.45301578158
Rheinhessen-Pfalz,DEB3,80.9,1.51,170.7,259.2,46.6,295.2,4.0,33700.0,5.66777765751,5.48837510745,14.904791673,3.85583321253
Saarland,DEC0,79.7,1.38,211.3,291.8,43.9,386.3,4.8,34100.0,6.13539801704,6.67547236549,14.7083337572,4.08398151398
Dresden,DED2,81.0,1.61,206.6,240.7,48.4,201.5,4.9,27000.0,5.83528324763,4.13860556285,15.1444999695,3.3884443601
Chemnitz,DED4,80.4,1.66,,,41.1,224.5,4.4,25000.0,6.57878557841,4.41700008937,14.1982541765,2.82142852602
Leipzig,DED5,80.5,1.51,,,48.0,254.2,6.0,29100.0,5.60426844491,3.9353055954,15.0395372179,3.41620371077
Sachsen-Anhalt,DEE0,79.2,1.54,244.7,289.2,40.4,109.5,7.4,24300.0,5.83966924205,5.11579795317,14.4528787786,3.23888891393
Schleswig-Holstein,DEF0,80.5,1.52,144.8,252.7,44.9,180.0,4.0,29100.0,6.12121357062,5.94326481452,13.4561535762,3.61499994229
Thüringen,DEG0,80.0,1.56,192.3,260.1,41.6,133.5,5.1,25400.0,6.83886281182,6.18435294955,13.5811110852,2.54071892944
Eesti,EE00,78.0,1.58,,,47.4,30.3,6.8,21600.0,6.34482089384,5.11575501053,12.4403497908,-1.48952680753
"Border, Midland and Western",IE01,81.6,2.12,197.7,284.5,43.9,38.2,9.1,,8.04320277338,10.5295652859,12.3335267219,6.44041053109
Southern and Eastern,IE02,81.5,1.87,194.0,302.3,52.4,94.2,7.5,,7.96715191735,10.4256667031,12.4614443885,6.59570373959
Aττική (Attiki),EL30,80.7,1.3,125.7,254.7,46.5,996.9,23.0,26800.0,1.64580551783,6.43652788798,22.1563873291,11.6755555471
Βόρειο Αιγαίο (Voreio Aigaio),EL41,81.8,1.44,82.0,232.8,32.6,51.2,18.3,15000.0,1.62698610624,8.8639998436,21.1648613612,10.7947217623
Νότιο Αιγαίο (Notio Aigaio),EL42,81.7,1.38,94.8,238.9,21.9,63.1,17.4,21900.0,1.64005549749,7.58455594381,22.8911107381,12.6261100769
Κρήτη (Kriti),EL43,81.7,1.47,91.4,245.2,31.0,75.7,22.6,16800.0,1.52032219569,9.8888554891,19.6338887533,11.1861111959
"Aνατολική Μακεδονία, Θράκη (Anatoliki Makedonia, Thraki)",EL51,80.5,1.4,,,28.7,42.7,22.8,13800.0,5.12944013644,5.88634187747,15.9851284516,3.38752134641
Κεντρική Μακεδονία (Kentriki Makedonia),EL52,81.0,1.31,,,36.2,98.5,24.5,15100.0,3.93658731097,6.06362308775,19.244682312,5.9394048055
Δυτική Μακεδονία (Dytiki Makedonia),EL53,81.5,1.32,,,28.7,29.1,31.3,18200.0,4.21686419734,7.06805578868,16.8237034833,4.36425923639
Ήπειρος (Ipeiros),EL54,82.9,1.28,,,33.5,36.9,24.3,13900.0,4.86117698207,12.2688234503,18.2680805091,6.94297966813
Θεσσαλία (Thessalia),EL61,81.7,1.35,,,30.6,52.1,25.5,14700.0,4.00561117515,8.33520938189,19.5820941436,7.1630341701
Ιόνια Νησιά (Ionia Nisia),EL62,80.8,1.45,,,24.4,89.6,16.0,18300.0,4.05074050691,14.7399635315,20.7420361837,10.9311112298
Δυτική Ελλάδα (Dytiki Ellada),EL63,80.9,1.33,,,27.5,59.2,29.8,14400.0,3.57215084348,11.2182539077,19.0957145691,8.14579373314
Στερεά Ελλάδα (Sterea Ellada),EL64,81.7,1.23,,,25.8,35.8,25.0,16700.0,2.905646512,8.0864090775,20.0015656442,8.70025241736
Πελοπόννησος (Peloponnisos),EL65,81.3,1.32,,,25.2,37.5,19.2,16000.0,2.55803968793,9.35273025149,19.7719844636,9.65952391852
Galicia,ES11,82.9,1.1,80.4,254.6,43.1,92.9,17.2,22900.0,7.08940407724,15.2994037975,15.8307578347,8.70267671527
Principado de Asturias,ES12,82.4,1.01,109.0,287.1,48.9,99.0,17.6,22800.0,7.31694437663,12.2814217885,14.3673334757,7.82388865153
Cantabria,ES13,82.9,1.15,63.7,257.8,46.9,110.9,14.9,23400.0,7.51920843124,10.7797781626,13.7986119588,7.84430535634
País Vasco,ES21,83.5,1.39,65.8,261.1,56.0,301.3,12.6,34400.0,6.83460198508,9.47867563036,16.0959258609,9.10268497467
Comunidad Foral de Navarra,ES22,84.1,1.44,62.2,238.0,51.0,61.6,12.5,32500.0,6.73648897807,8.62462193171,16.6858332316,8.42149969737
La Rioja,ES23,83.7,1.34,70.8,242.1,44.8,62.2,13.5,28200.0,4.55103969574,5.1041347867,14.8599997021,5.58936500549
Aragón,ES24,83.0,1.35,73.2,245.1,42.5,27.9,14.7,28500.0,5.09035126368,5.26640032319,17.0161602263,6.822352774
Comunidad de Madrid,ES30,84.5,1.37,72.4,229.0,53.8,804.0,15.7,35400.0,3.49539998372,5.12729450862,19.3966112773,8.31483325958
Castilla y León,ES41,83.9,1.18,73.5,251.0,40.4,26.3,15.8,24300.0,4.53023069996,7.00481446045,16.0159511351,6.5683521066
Castilla-La Mancha,ES42,83.1,1.33,77.5,230.0,33.3,26.0,23.5,20100.0,3.4494239136,5.0860576041,19.1650720761,7.94022631645
Extremadura,ES43,82.3,1.28,95.0,261.0,31.6,26.7,27.5,17800.0,3.20287220743,8.03418711556,20.4915184021,10.3934627533
Cataluña,ES51,83.4,1.4,71.7,245.4,45.1,231.9,15.7,30900.0,5.62468884786,5.26733337402,16.7316662979,7.18522209803
Comunidad Valenciana,ES52,82.5,1.32,108.0,246.8,39.6,213.3,20.6,23000.0,3.69327781075,4.36501167532,18.5583917718,8.85125730749
Illes Balears,ES53,82.7,1.24,89.4,248.8,34.2,226.8,13.9,27000.0,2.96266682943,6.06766700745,17.335000356,9.06000010173
Andalucía,ES61,81.6,1.4,108.4,246.3,34.6,96.9,28.9,19200.0,2.43026922605,6.05572975599,21.1775103349,11.3930662962
Región de Murcia,ES62,82.5,1.57,92.2,243.9,34.4,129.7,19.8,21000.0,3.03992226919,3.71692215602,19.6281111399,9.57100016276
Ciudad Autónoma de Ceuta,ES63,81.2,1.85,95.3,243.2,36.0,4456.7,24.9,21100.0,,,,
Ciudad Autónoma de Melilla,ES64,80.1,2.53,90.8,184.8,32.4,6513.3,30.8,19100.0,,,,
Canarias,ES70,82.3,1.05,107.2,253.5,35.3,286.4,26.1,21500.0,0.667611122131,4.49122238159,16.3183339437,12.3433316549
Île de France,FR10,84.0,2.01,51.7,250.1,60.4,1008.6,9.2,50900.0,5.31019915475,5.54595836004,15.4843518999,6.0552778244
Champagne-Ardenne,FR21,81.4,1.88,66.1,283.5,37.7,52.3,11.2,25800.0,6.2517755127,6.7030246226,14.8983336385,5.00006669362
Picardie,FR22,80.7,2.01,69.7,296.6,38.3,99.7,11.5,22900.0,5.66688891252,6.07177082698,14.6514584223,5.83729169766
Haute-Normandie,FR23,81.2,1.97,70.5,290.9,43.1,151.2,11.5,26400.0,5.74433317639,6.70924613589,14.461428506,6.20198395139
Centre,FR24,82.4,1.93,62.8,271.7,44.8,66.0,9.9,25200.0,5.34521857641,5.69203936669,15.8850358943,6.47413979807
Basse-Normandie,FR25,82.1,1.88,72.9,266.4,39.7,84.1,8.6,24400.0,5.56995538076,7.02964998881,14.578777949,6.63516667684
Bourgogne,FR26,82.0,1.88,64.6,267.4,42.9,52.0,9.5,25800.0,6.40128427897,6.30452568103,15.6732055958,5.46155976026
Nord - Pas-de-Calais,FR30,80.3,2.0,74.6,316.0,44.3,329.6,13.3,24900.0,5.91813127922,6.39330291748,14.4983333241,6.14035366521
Lorraine,FR41,81.6,1.75,66.2,280.0,43.9,99.2,11.8,23300.0,6.7023216716,7.39511720758,14.8422810069,4.45087718964
Alsace,FR42,82.4,1.79,73.5,259.6,48.4,227.4,10.9,28400.0,7.54792232513,7.65133336385,14.6636110942,3.76072230339
Franche-Comté,FR43,82.3,1.92,66.0,251.6,46.0,72.8,8.2,23600.0,8.74935574002,8.86934810215,14.6586297777,4.07885172102
Pays de la Loire,FR51,82.8,1.96,57.5,261.5,46.3,116.3,8.8,27400.0,5.19854000092,7.07419766744,15.5178221639,7.16080001831
Bretagne,FR52,82.0,1.86,70.6,265.7,46.3,121.4,8.6,25900.0,5.22076513828,7.85412392249,14.7874786181,7.74320514386
Poitou-Charentes,FR53,82.6,1.79,55.3,262.1,40.9,70.0,9.0,25200.0,5.45159555365,7.05608021771,16.4668211054,7.47487647445
Aquitaine,FR61,82.9,1.73,59.9,251.8,45.7,82.0,10.1,26600.0,6.93726885478,8.43715555827,17.2585330709,8.32326665243
Midi-Pyrénées,FR62,83.4,1.77,57.5,234.8,52.4,66.5,8.5,27400.0,7.24523528417,7.60045917361,15.7694933181,6.38633993093
Limousin,FR63,81.8,1.77,65.7,262.3,46.5,43.5,7.1,23100.0,7.42704234404,8.04843113469,15.8656533933,6.46666670781
Rhône-Alpes,FR71,83.6,1.97,55.3,249.4,52.8,149.8,8.0,30500.0,8.07903013684,7.43359048934,14.7140478407,4.01844446318
Auvergne,FR72,82.1,1.8,68.5,265.4,44.6,52.5,7.2,25000.0,7.52357869678,6.77167591784,14.7899071905,4.98331024249
Languedoc-Roussillon,FR81,82.5,1.88,60.7,257.0,46.5,101.9,12.0,22800.0,6.41192667643,7.28921779633,15.8923773702,6.2161778005
Provence-Alpes-Côte d'Azur,FR82,82.8,2.03,52.3,240.5,49.6,159.7,10.6,28500.0,6.26682437897,7.19936222076,15.2703555552,4.74848891735
Corse,FR83,83.2,1.42,66.5,256.8,50.7,37.9,8.6,24500.0,5.05824995041,12.4827086131,18.2620836894,9.72513882319
Guadeloupe,FRA1,,2.2,,,34.5,324.5,23.8,19800.0,13.4385007222,10.2231661479,24.5638885498,22.7111104329
Martinique,FRA2,82.7,1.98,,,39.1,335.7,17.6,22400.0,,,,
Guyane,FRA3,,3.54,,,32.6,3.1,23.2,15300.0,23.8392670777,19.331937051,25.9169219421,25.8707059568
La Réunion,FRA4,80.9,2.46,,,34.6,339.1,22.4,20400.0,18.4373893738,32.5413309733,14.9011103312,18.0355555216
Mayotte,FRA5,76.5,5.03,,,27.6,617.7,27.1,9100.0,,,,
Jadranska Hrvatska,HR03,78.6,1.4,,,34.2,56.6,14.2,16000.0,9.14330000877,11.9580055237,16.9235279083,5.16533332666
Kontinentalna Hrvatska,HR04,76.9,1.4,,,35.3,88.1,12.6,17100.0,8.34652964274,6.84468521542,17.1149258931,3.90451860428
Piemonte,ITC1,82.5,1.36,96.4,272.8,34.4,173.9,9.3,29600.0,9.26642980437,7.40788875801,13.1008938499,1.46565217557
Valle d'Aosta/Vallée d'Aoste,ITC2,81.6,1.4,94.2,263.2,30.3,39.2,8.7,35100.0,9.4954908159,8.33870357937,8.97925959693,-2.04500002331
Liguria,ITC3,82.7,1.3,101.5,267.1,36.3,291.2,9.7,31000.0,6.6962528582,7.6229628457,16.5619138082,4.54475310997
Lombardia,ITC4,83.2,1.44,111.9,289.4,38.7,419.3,7.4,36600.0,9.98816662365,7.30278228389,14.8288891315,2.70518509795
Abruzzo,ITF1,82.7,1.28,122.2,222.6,32.5,122.7,12.1,25200.0,6.58982766469,8.91131095886,18.4766106923,7.30188906988
Molise,ITF2,82.6,1.17,125.6,222.8,34.8,70.1,12.8,19800.0,5.92468910217,9.16992200216,17.0936660767,6.36133346558
Campania,ITF3,80.8,1.34,145.6,269.1,29.3,428.4,20.4,17600.0,4.90095843209,9.66456492742,18.1085182826,7.96972200606
Puglia,ITF4,82.8,1.24,105.1,242.2,26.1,209.0,19.4,18100.0,3.39200560252,5.84350001017,19.9082772573,9.21938896179
Basilicata,ITF5,82.4,1.17,103.6,224.7,30.8,57.1,13.3,20400.0,3.90444437663,7.37847792308,19.5877216339,9.06922213236
Calabria,ITF6,82.3,1.29,105.4,216.5,28.5,129.7,23.2,17100.0,4.0481728801,11.5299380974,20.7188880355,11.1645061352
Sicilia,ITG1,81.7,1.35,113.5,243.5,27.1,196.8,22.1,17600.0,2.60328791358,8.13685339147,21.1183834654,11.3946462689
Sardegna,ITG2,82.8,1.09,94.5,263.0,28.9,68.9,17.3,20100.0,3.05485801344,7.36403090866,19.8946297257,10.5601853265
Provincia Autonoma di Bolzano/Bozen,ITH1,83.6,1.7,109.2,257.7,31.8,70.2,3.7,42400.0,9.85450010589,5.85190914616,10.7154545062,-1.18712119623
Provincia Autonoma di Trento,ITH2,84.0,1.56,137.1,272.0,37.1,86.6,6.8,35500.0,9.20435820685,5.84027163188,11.5091354935,-0.18382712426
Veneto,ITH3,83.3,1.38,116.2,263.1,35.2,267.4,6.8,31600.0,10.4340210756,7.74614944061,16.2047221263,3.74871520822
Friuli-Venezia Giulia,ITH4,82.8,1.32,124.3,286.3,35.4,155.7,7.5,29900.0,12.6469513575,9.59824339549,14.6615277926,2.15118041635
Emilia-Romagna,ITH5,83.2,1.42,,,38.4,198.2,6.9,34500.0,6.67066974993,7.37117587196,18.7822534067,5.75626539301
Toscana,ITI1,83.1,1.3,102.9,260.0,34.2,163.1,9.5,30200.0,7.04380710452,9.84797055114,18.2493138033,6.74849663529
Umbria,ITI2,83.2,1.27,136.4,244.1,34.6,105.5,9.6,24600.0,6.57688896744,8.94396916142,19.2610497651,7.8913581283
Marche,ITI3,83.3,1.33,,,33.7,164.6,10.6,26900.0,6.25824300448,8.11473623912,19.188958168,7.57375025749
Lazio,ITI4,82.7,1.32,130.5,264.0,38.4,341.8,11.1,31800.0,5.76000738549,9.08135197754,19.070161153,8.29683210728
Κύπρος (Kypros),CY00,81.8,1.32,,,49.3,92.0,13.0,23500.0,1.04100002183,6.0479815801,23.4566667345,13.7083337572
Latvija,LV00,74.8,1.7,,,42.3,31.8,9.6,18600.0,6.12172476451,4.94253529202,12.8591414076,-0.83411613468
Lietuva,LT00,74.6,1.7,,,47.6,46.4,7.9,21600.0,6.36451443331,4.79165120184,13.3808434569,-0.0834979429657
Luxembourg,LU00,82.4,1.47,,,57.2,220.3,6.3,76200.0,7.51445817947,8.17302767436,13.1293052038,3.02291667461
Közép-Magyarország,HU10,77.0,1.3,362.9,353.7,48.5,432.2,3.8,30400.0,5.43751250373,3.85762345349,17.0732717161,3.06259254173
Közép-Dunántúl,HU21,75.2,1.46,414.0,366.2,29.2,95.8,3.0,18300.0,5.75565889903,3.95988489333,17.1009921119,3.47781750134
Nyugat-Dunántúl,HU22,76.5,1.33,392.0,353.9,30.5,86.9,2.7,21500.0,6.74536758814,4.00331624349,16.6049575806,3.3893162654
Dél-Dunántúl,HU23,75.2,1.46,405.7,370.1,30.2,63.7,6.2,12900.0,6.48094061443,4.62925788334,17.2596827916,3.67769854409
Észak-Magyarország,HU31,74.5,1.66,492.0,357.6,28.1,86.3,6.3,12900.0,6.29872610304,3.78438513014,15.808259413,1.82233327362
Észak-Alföld,HU32,75.0,1.6,475.6,375.4,26.8,83.3,9.3,12500.0,5.78413749159,3.72261397044,17.1934505931,2.7774853539
Dél-Alföld,HU33,75.4,1.42,400.7,347.2,30.0,69.1,5.6,13900.0,5.3209687074,3.71739927928,17.9387845993,3.57302083572
Malta,MT00,81.9,1.45,,,37.9,1369.5,4.7,26700.0,,,,
Groningen,NL11,80.7,1.52,98.7,322.0,49.9,251.1,8.2,41500.0,6.55838902791,6.59009276496,14.2233335707,5.04074075487
Friesland (NL),NL12,81.5,1.78,84.2,305.5,39.8,194.3,6.7,26100.0,6.52763907115,6.6745557785,14.1149997711,5.15361118317
Drenthe,NL13,81.3,1.73,84.9,302.0,42.3,185.4,6.5,26200.0,6.71704631382,6.42652797699,14.3771296607,4.91842587789
Overijssel,NL21,81.5,1.79,81.5,302.6,45.0,343.8,6.2,30200.0,6.7422538939,6.38548433213,14.611269633,4.98587294987
Gelderland,NL22,81.7,1.73,83.2,299.1,46.6,408.8,5.6,31000.0,6.66344424656,6.49684133984,14.8284121922,5.29444435665
Flevoland,NL23,81.9,1.82,86.6,309.8,44.9,285.2,7.9,28300.0,6.42552773158,6.52695862452,14.3704163233,5.35902754466
Utrecht,NL31,82.1,1.7,74.2,291.7,58.1,917.9,5.0,43300.0,6.36736090978,6.72909720739,14.6138881048,5.68472194672
Noord-Holland,NL32,81.6,1.57,81.7,299.8,56.0,1041.1,5.5,47400.0,6.29027769301,6.7239074707,14.5659251743,5.72888861762
Zuid-Holland,NL33,81.8,1.67,80.0,306.0,50.6,1287.4,7.1,37000.0,6.92405573527,7.32016626994,14.7855542501,5.86611111959
Zeeland,NL34,82.3,1.87,80.8,285.5,40.0,213.6,3.9,28800.0,6.02986081441,6.15872192383,14.9030558268,6.41777737935
Noord-Brabant,NL41,81.5,1.64,81.6,304.1,46.4,507.6,5.3,38000.0,6.50021434966,6.50623793829,14.9994443258,5.49634915306
Limburg (NL),NL42,81.0,1.49,91.7,296.5,43.3,520.1,5.7,31200.0,6.13424984614,6.12709712982,15.0543060303,5.41652790705
Burgenland,AT11,81.2,1.37,234.3,261.0,45.1,78.9,5.7,25800.0,7.88576988947,4.75084922427,14.8429365612,2.43031753245
Niederösterreich,AT12,81.0,1.53,213.9,270.3,47.1,86.9,5.2,30500.0,7.86027333367,4.7396302909,14.0000600689,1.61642095966
Wien,AT13,80.4,1.42,242.2,281.6,55.9,4597.8,11.3,44700.0,6.82920371162,3.75538868374,15.6499998305,2.77574067646
Kärnten,AT21,81.4,1.43,154.3,258.3,45.5,59.7,5.4,31200.0,10.4183009466,5.87173149321,11.4477779071,-1.07893517779
Steiermark,AT22,81.3,1.44,181.2,258.7,43.7,75.4,5.1,33100.0,11.1396772861,6.80818428596,12.6009720564,0.595868206273
Oberösterreich,AT31,81.5,1.61,182.6,246.0,44.6,123.2,4.4,37700.0,9.63002382006,6.4140318916,14.0287302108,1.78003975039
Salzburg,AT32,82.4,1.55,145.0,230.6,46.1,76.8,3.4,43200.0,12.5837128427,7.46752797233,11.5324538019,-0.16333335638
Tirol,AT33,82.4,1.52,177.1,243.1,42.5,58.6,3.5,39300.0,12.6784403211,7.44464676721,11.8788097018,0.401269770804
Vorarlberg,AT34,82.4,1.64,184.6,244.1,45.0,150.3,3.4,39600.0,13.3847225507,9.94780508677,12.1190277735,1.17680549622
Łódzkie,PL11,75.9,1.27,140.0,308.0,38.9,137.2,5.5,18500.0,5.31534213351,3.21824858481,15.0026901647,1.94681291831
Mazowieckie,PL12,78.1,1.42,176.3,302.2,50.3,151.3,5.5,31600.0,5.50175692638,3.17360594869,14.6655904055,1.19788192833
Małopolskie,PL21,78.8,1.35,212.6,294.0,42.0,222.2,5.2,17800.0,7.66135068734,3.93081951141,14.3221525749,1.19302090009
Śląskie,PL22,76.7,1.28,263.0,317.0,43.5,372.8,5.4,20600.0,7.09084928603,3.96186515263,14.7763488406,2.00011907873
Lubelskie,PL31,77.8,1.28,113.9,272.3,37.2,85.1,8.0,13600.0,5.76613605817,2.98625832399,14.7652222951,1.03675001264
Podkarpackie,PL32,78.7,1.25,146.1,268.8,37.8,118.1,9.6,14000.0,6.79500834147,3.35289172331,14.651361084,1.19883339107
Świętokrzyskie,PL33,77.4,1.21,226.5,282.8,35.3,107.1,8.9,14300.0,6.12220639274,3.21942470187,14.9181744712,1.4821826106
Podlaskie,PL34,78.2,1.28,178.0,288.9,39.1,58.3,6.7,14100.0,5.92749995277,3.6922327526,13.9754760984,0.450767216228
Wielkopolskie,PL41,77.4,1.4,222.1,337.1,36.7,117.4,4.8,21500.0,5.22167281163,3.53391567277,14.7592593064,2.2687037256
Zachodniopomorskie,PL42,77.4,1.25,199.2,329.3,39.8,77.7,6.9,16800.0,5.60347039964,4.19718894958,14.363444519,2.6947037273
Lubuskie,PL43,76.9,1.28,177.6,319.9,35.1,73.2,4.7,16500.0,5.22195482254,3.76604855061,15.2148265839,3.00159727534
Dolnośląskie,PL51,77.2,1.24,118.4,327.0,42.5,145.0,5.5,22100.0,6.25146943728,4.15712780952,14.21163915,2.12341669798
Opolskie,PL52,77.5,1.21,104.5,291.0,36.8,102.9,5.0,16000.0,6.85136127472,3.82861671448,14.5028333028,2.18950006167
Kujawsko-pomorskie,PL61,77.6,1.27,176.9,360.1,35.6,118.0,7.4,16100.0,5.36608336369,3.50234031677,14.3687153657,1.71864585082
Warmińsko-mazurskie,PL62,77.1,1.27,126.8,333.4,35.8,62.2,8.8,14100.0,6.06090894063,4.25576004028,13.9344003296,1.13397776286
Pomorskie,PL63,78.0,1.44,124.2,342.4,43.5,129.5,5.7,19000.0,5.78914965116,4.0996623406,13.6131197611,1.86611117461
Norte,PT11,81.7,1.17,55.3,242.1,30.1,169.7,12.0,18700.0,5.37451201393,12.3244958605,16.588135356,7.8786112581
Algarve,PT15,80.8,1.49,80.6,245.3,30.0,88.4,9.2,22700.0,2.34909251001,8.0172317293,20.3474065993,13.0064811707
Centro (PT),PT16,81.5,1.19,57.9,231.6,31.5,80.2,8.4,19200.0,4.44039270613,11.8150260078,18.4389630636,10.7013704512
Área Metropolitana de Lisboa,PT17,81.6,1.56,123.7,264.2,45.4,932.3,11.9,29700.0,2.7842917045,8.9621942838,19.3018051783,13.1744441986
Alentejo,PT18,80.2,1.34,98.4,246.2,28.3,23.1,12.1,20100.0,2.98593613307,8.79117225011,20.181083107,12.377027448
Região Autónoma dos Açores,PT20,77.8,1.25,156.5,319.6,29.6,106.0,11.1,19700.0,,,,
Região Autónoma da Madeira,PT30,78.3,1.1,88.3,290.4,28.0,321.1,12.9,20700.0,,,,
Nord-Vest,RO11,74.6,1.54,559.2,273.1,25.9,76.6,4.3,14400.0,6.39339306914,4.13525513072,15.3054117273,1.45742800427
Centru,RO12,75.5,1.69,500.3,282.9,29.0,69.4,5.2,15100.0,5.64954352379,2.84239091192,13.6008333252,0.0849801961865
Nord-Est,RO21,74.3,1.93,297.8,259.3,15.8,90.3,3.0,9900.0,5.46935315359,2.53050398827,14.4427975927,0.195476213381
Sud-Est,RO22,74.7,1.68,237.1,263.2,22.3,79.6,7.7,14600.0,3.86853328705,2.38292665482,17.3375558726,2.77375553131
Sud - Muntenia,RO31,75.1,1.58,305.6,234.2,21.2,91.0,8.9,13700.0,4.458305989,2.81140163673,17.3687099193,2.80018822577
Bucureşti - Ilfov,RO32,76.7,1.24,343.9,316.6,46.8,1299.8,4.7,39400.0,4.73375002543,3.02458333969,18.3097229004,3.32777802149
Sud-Vest Oltenia,RO41,75.0,1.48,288.5,212.9,23.9,70.4,9.9,11600.0,4.84697445234,3.39522910118,15.9402083556,2.17958336655
Vest,RO42,74.5,1.43,440.0,294.9,24.9,57.2,4.9,16500.0,5.04984031783,3.41845135556,16.5506251918,2.99456018872
Vzhodna Slovenija,SI03,79.8,1.58,,,40.1,88.6,8.9,19800.0,11.3465406206,8.37347045475,14.702888955,2.09737048679
Zahodna Slovenija,SI04,82.3,1.57,,,49.6,124.3,7.1,28500.0,13.9599440098,10.8570767244,14.0646528403,1.82534715533
Bratislavský kraj,SK01,78.5,1.52,478.5,311.1,54.0,306.5,5.1,54400.0,5.6918888092,3.77744452159,16.527777036,3.15069460869
Západné Slovensko,SK02,76.9,1.23,543.1,322.5,31.3,122.3,7.7,20600.0,6.28993421793,4.16411113739,15.5684720675,2.28274313112
Stredné Slovensko,SK03,76.3,1.33,535.7,308.0,29.8,82.7,10.8,17800.0,7.89222236474,4.81334724029,13.8773958286,0.71815974017
Východné Slovensko,SK04,76.3,1.54,590.8,290.3,28.4,102.8,13.2,15600.0,8.11970261966,4.35019272449,13.448921615,0.23846399901
Länsi-Suomi,FI19,81.8,1.72,236.8,228.5,48.1,23.6,9.4,28300.0,5.50919393153,4.21777664758,10.433692982,-3.66647058998
Helsinki-Uusimaa,FI1B,81.9,1.51,215.1,230.1,62.1,177.2,7.4,41500.0,5.69039685386,4.94512296858,11.3692064739,-2.50896821703
Etelä-Suomi,FI1C,81.5,1.62,249.8,231.2,47.4,36.9,9.1,27900.0,5.53605969747,4.72142778238,11.2179722627,-3.15027779142
Pohjois- ja Itä-Suomi,FI1D,81.1,1.81,292.8,217.8,44.5,6.4,10.2,25800.0,5.25270126126,3.74050330823,8.34234254957,-7.12276498733
Åland,FI20,82.5,1.69,152.1,266.3,48.6,18.6,,38400.0,4.76800028483,4.72200043996,11.4166666667,0.727777798971
Stockholm,SE11,82.7,1.81,140.6,240.5,64.2,339.4,6.5,50300.0,4.93062361964,3.85784573025,11.9116047047,0.00296299325095
Östra Mellansverige,SE12,82.4,1.86,172.5,248.2,51.1,42.4,7.7,30600.0,5.60561969138,4.16474075806,11.5858832465,-0.52148146609
Småland med öarna,SE21,82.4,1.96,176.4,237.5,44.7,25.0,6.2,30000.0,5.86432776981,4.90911865234,11.7861109416,0.700962951448
Sydsverige,SE22,82.4,1.83,168.2,254.6,54.9,104.4,8.4,30200.0,6.05108888414,5.64086299472,12.450333235,1.74800000721
Västsverige,SE23,82.5,1.82,170.8,243.7,51.8,66.8,6.5,35000.0,6.38364558384,5.99245980142,12.0725476495,0.948773932868
Norra Mellansverige,SE31,81.2,1.91,186.3,238.1,45.7,13.1,7.5,28500.0,6.16474048978,4.35706826619,9.96899204254,-3.1825000025
Mellersta Norrland,SE32,80.9,1.94,191.2,243.2,44.9,5.3,6.8,30600.0,5.91454353815,4.7598122464,8.22029533467,-5.1238677718
Övre Norrland,SE33,81.4,1.79,191.7,227.9,48.9,3.4,5.8,32100.0,5.25465652778,4.34786652319,6.95076170807,-7.74428713896
Tees Valley and Durham,UKC1,79.6,1.79,160.3,328.2,45.3,393.7,6.9,21200.0,6.38473139869,8.09396309323,11.0530558692,4.25185177061
Northumberland and Tyne and Wear,UKC2,79.9,1.64,163.8,331.3,48.4,259.2,7.1,24600.0,6.1649553299,7.4507001241,11.1546666463,4.47977771759
Cumbria,UKD1,81.4,1.86,167.2,290.0,45.8,73.6,3.7,27400.0,7.96074295044,11.1854306857,11.7249999046,4.91819433371
Greater Manchester,UKD3,79.5,1.87,188.2,311.2,52.0,2159.5,6.1,26300.0,8.28830560048,10.5779164632,12.5147215525,5.36805534363
Lancashire,UKD4,79.8,1.9,174.1,303.3,49.0,480.4,4.4,23900.0,8.2664999644,10.9250556946,12.1107774099,5.17222201029
Cheshire,UKD6,81.5,1.88,,,58.3,405.3,3.2,36700.0,7.03994433085,8.39239972432,12.6690002441,5.61611099243
Merseyside,UKD7,79.4,1.76,,,50.8,2103.5,4.9,23500.0,7.5523891449,9.25861104329,13.0427780151,6.03444417318
East Yorkshire and Northern Lincolnshire,UKE1,80.4,1.85,165.3,304.3,43.5,264.0,5.5,23400.0,5.41195557912,5.50476646423,12.8498886108,5.58099994659
North Yorkshire,UKE2,82.4,1.73,156.7,260.1,51.3,97.5,2.9,28100.0,6.47695563634,7.88896691004,11.8007778804,4.75811109543
South Yorkshire,UKE3,80.0,1.74,183.9,323.7,46.3,885.6,7.1,21500.0,6.89605575138,8.34614827898,12.4951850043,5.13203695085
West Yorkshire,UKE4,80.0,1.9,171.8,298.4,46.4,1125.8,5.8,26100.0,7.51702785492,9.64295864105,11.6863888105,4.47569441795
Derbyshire and Nottinghamshire,UKF1,80.6,1.79,163.8,292.3,48.6,452.0,4.5,24900.0,6.71119848887,7.88759544918,12.7381744385,5.32198410942
"Leicestershire, Rutland and Northamptonshire",UKF2,81.4,1.89,145.1,278.4,47.9,362.0,4.5,27300.0,5.67224689766,5.95561737484,13.3056794626,5.68166662146
Lincolnshire,UKF3,81.2,1.89,146.2,285.1,40.5,124.1,4.3,22900.0,5.24750621231,5.16014798482,13.2029016283,5.72135791072
"Herefordshire, Worcestershire and Warwickshire",UKG1,81.8,1.85,130.0,266.0,52.7,224.1,3.7,28400.0,5.93621614244,7.00443857687,13.2416049816,5.87660503387
Shropshire and Staffordshire,UKG2,80.8,1.82,152.1,290.6,44.4,257.7,4.2,22600.0,6.43400696913,7.63606262207,12.8116668065,5.63826386134
West Midlands,UKG3,80.1,1.94,153.7,296.6,45.5,3141.1,7.5,25500.0,5.8241109848,5.92133331299,13.110555013,5.6786108017
East Anglia,UKH1,82.3,1.89,141.1,264.8,48.2,196.3,3.8,29500.0,5.13625476095,5.0946943495,13.7124078539,6.07425922818
Bedfordshire and Hertfordshire,UKH2,82.3,1.94,143.7,269.6,58.0,632.4,4.1,32100.0,5.19384454091,5.22916634878,13.7120007833,5.9368888855
Essex,UKH3,81.6,1.94,138.8,278.4,48.6,487.0,3.8,25900.0,4.83012983534,4.98102765613,14.2230555216,6.40851847331
Inner London - West,UKI3,83.2,1.3,,,81.9,10468.8,4.7,167500.0,5.24933338165,6.09044392904,13.6861114502,5.90500005086
Inner London - East,UKI4,80.8,1.58,,,69.9,11040.3,7.2,50600.0,5.24933338165,6.09044392904,13.6861114502,5.90500005086
Outer London - East and North East,UKI5,81.6,2.02,,,56.5,4323.3,5.6,22500.0,5.05100011826,5.65647204717,13.8502775828,6.10527769725
Outer London - South,UKI6,82.8,1.89,,,64.9,3626.7,4.3,27200.0,5.19033352534,5.57294416428,13.6308333079,5.92222213745
Outer London - West and North West,UKI7,82.8,1.86,,,64.8,4446.8,5.0,36400.0,5.19033352534,5.57294416428,13.6308333079,5.92222213745
"Berkshire, Buckinghamshire and Oxfordshire",UKJ1,82.8,1.89,126.4,264.2,61.4,411.3,2.7,43300.0,5.31075922648,5.46212042703,13.7111117045,5.96731450823
"Surrey, East and West Sussex",UKJ2,82.5,1.81,121.9,258.3,58.9,521.0,3.5,33200.0,5.01579169432,6.19319442908,14.0168056488,6.27819434802
Hampshire and Isle of Wight,UKJ3,82.5,1.81,126.9,264.2,52.1,471.2,3.7,31300.0,5.27346038818,7.03118269784,13.8792860849,6.50269835336
Kent,UKJ4,81.4,1.91,146.2,286.1,50.5,481.7,4.5,25600.0,4.88565090724,5.87676175435,14.0522222973,6.40666671026
"Gloucestershire, Wiltshire and Bristol/Bath area",UKK1,82.0,1.82,134.3,268.8,55.8,326.6,3.6,32500.0,5.94125566483,7.37335004807,13.7215001424,6.29766661326
Dorset and Somerset,UKK2,82.2,1.85,124.8,259.1,50.4,214.8,4.3,25900.0,6.17076545291,8.78264194065,13.5421605993,6.68240759108
Cornwall and Isles of Scilly,UKK3,81.6,1.89,146.8,271.2,46.0,155.2,3.7,21900.0,7.47661113739,11.9976946513,13.0844453176,7.53666687012
Devon,UKK4,81.8,1.8,135.8,271.4,49.0,173.9,3.5,24100.0,6.95711088181,10.8759441376,13.1916672389,6.86875025431
West Wales and The Valleys,UKL1,79.9,1.77,177.0,297.2,46.1,149.2,4.9,19600.0,7.66613349915,10.8731835047,12.3747777303,5.91238896052
East Wales,UKL2,80.9,1.74,152.9,293.4,54.0,151.1,3.6,26000.0,7.48615570068,10.5827614466,12.3602222443,5.56572237015
Eastern Scotland,UKM2,79.8,1.51,,,58.6,115.1,4.8,28200.0,7.69684839249,10.9604293072,10.3889647108,3.73020201018
South Western Scotland,UKM3,78.3,1.57,,,56.4,179.3,5.5,26500.0,9.04024526808,13.3915367126,11.2349072562,4.58333330684
North Eastern Scotland,UKM5,79.9,1.56,,,56.8,75.8,5.1,44800.0,6.32293049494,7.70098606745,10.6923611959,3.87958316008
Highlands and Islands,UKM6,79.9,1.74,,,52.1,11.6,4.7,26600.0,9.30878027659,14.8391294934,10.069999937,4.27693118746
Northern Ireland,UKN0,80.5,1.96,178.1,292.2,45.5,136.6,5.7,22600.0,8.0123934216,10.4375832346,12.0303242471,6.03874995973
